Context,Measurement,Group,Rank,Model,AIC,ΔAIC,Akaike Weight,SSE,N,Selected,Parameters
wild_TH_by_sex,TH,F,1,von_bertalanffy,7506.355780033428,0.0,0.40135961184771846,1893540.7417519395,993,,"A=421.8 [416.3, 427.3]; k=0.04329 [0.03736, 0.04923]; t0=-43 [-49.43, -36.57]"
wild_TH_by_sex,TH,F,2,gompertz,7506.770223119371,0.41444308594236645,0.3262409667437306,1894331.2036428829,993,✓,"A=421.3 [415.9, 426.7]; k=0.04532 [0.03922, 0.05142]; t0=-15.2 [-18, -12.4]"
wild_TH_by_sex,TH,F,3,logistic,7508.430661118896,2.0748810854674957,0.14222598984855225,1897501.446116436,993,,"A=420.1 [415, 425.2]; k=0.05152 [0.04488, 0.05817]; t0=-8.889 [-11.06, -6.715]"
wild_TH_by_sex,TH,F,4,richards,7508.783865578988,2.428085545559952,0.11920146446106439,1894357.229337219,993,,"A=421.3 [414.3, 428.4]; k=0.04538 [0.02542, 0.06535]; t0=-15.13 [-36.58, 6.328]; nu=0.01 [-2.974, 2.994]"
wild_TH_by_sex,TH,F,5,poly3,7513.55480851073,7.199028477301908,0.010971967098934271,1903480.7103134613,993,,a3=0.0001693; a2=-0.05038; a1=4.92; a0=259.8
wild_TH_by_sex,TH,M,1,poly3,4474.394695217015,0.0,0.9941006522241955,1569841.3572177696,563,,a3=0.0001765; a2=-0.0526; a1=5.686; a0=251.8
wild_TH_by_sex,TH,M,2,von_bertalanffy,4485.737373939203,11.342678722187884,0.003422937498887623,1607489.780341176,563,,"A=498.6 [485.2, 511.9]; k=0.0271 [0.02269, 0.03152]; t0=-59.2 [-69.04, -49.37]"
wild_TH_by_sex,TH,M,3,gompertz,4487.161692131864,12.766996914848278,0.0016792378065466568,1611561.672972313,563,✓,"A=496.5 [483.8, 509.2]; k=0.02918 [0.02461, 0.03375]; t0=-13.99 [-16.98, -11]"
wild_TH_by_sex,TH,M,4,richards,4489.204749953142,14.810054736126403,0.0006045995706656021,1611684.928723684,563,,"A=496.4 [476.9, 515.9]; k=0.02924 [0.01193, 0.04655]; t0=-13.86 [-48.96, 21.24]; nu=0.01 [-2.625, 2.645]"
wild_TH_by_sex,TH,M,5,logistic,4491.492933133997,17.098237916981816,0.00019257289970477963,1624007.4639079575,563,,"A=491.6 [480.4, 502.8]; k=0.03558 [0.0305, 0.04065]; t0=-2.834 [-5.041, -0.6271]"
wild_TH_by_vtb_umb,TH,Umb=0,1,gompertz,12479.967056805932,0.0,1.0,4060235.744712101,1590,✓,"A=448.4 [442.3, 454.4]; k=0.03579 [0.03201, 0.03956]; t0=-16 [-18.16, -13.84]"
wild_TH_by_vtb_umb,TH,Umb>0,1,gompertz,255.95265748272428,0.0,1.0,27317.633063450143,38,✓,"A=371.4 [326.7, 416.1]; k=0.08264 [0.03223, 0.133]; t0=-6.848 [-10.39, -3.31]"
wild_TH_overall,TH,overall,1,poly3,12719.78715279772,0.0,0.9999999975749696,4006107.435084308,1628,,a3=0.0002207; a2=-0.0594; a1=5.562; a0=251.5
wild_TH_overall,TH,overall,2,von_bertalanffy,12759.887216440897,40.10006364317633,1.960567579958449e-09,4111056.475103842,1628,,"A=448.8 [442.7, 455]; k=0.03446 [0.03085, 0.03807]; t0=-50.48 [-55.97, -44.99]"
wild_TH_overall,TH,overall,3,gompertz,12763.373747536663,43.58659473894295,3.429977008327792e-10,4119870.1638954817,1628,✓,"A=447.7 [441.8, 453.6]; k=0.03657 [0.03285, 0.0403]; t0=-15.21 [-17.21, -13.21]"
wild_TH_overall,TH,overall,4,richards,12765.478886508354,45.69173371063334,1.1971982942334662e-10,4120136.240615312,1628,,"A=447.7 [439.4, 456]; k=0.03664 [0.02345, 0.04982]; t0=-15.11 [-34.53, 4.303]; nu=0.01 [-1.969, 1.989]"
wild_TH_overall,TH,overall,5,logistic,12773.935074127232,54.14792132951152,1.7455338650965873e-12,4146683.883454667,1628,,"A=445 [439.6, 450.4]; k=0.04305 [0.03895, 0.04715]; t0=-6.777 [-8.236, -5.317]"
wild_TH_sex_unknown,TH,overall,1,gompertz,497.95060994545446,0.0,0.3391542056861533,66790.32270667696,72,✓,"A=313.1 [175.3, 451]; k=0.149 [-0.2388, 0.5368]; t0=-7.522 [-20.15, 5.102]"
wild_TH_sex_unknown,TH,overall,2,logistic,497.96782251743457,0.01721257198011017,0.33624787190601263,66806.29174370176,72,,"A=309.8 [191.3, 428.3]; k=0.1738 [-0.2159, 0.5634]; t0=-5.738 [-12.97, 1.497]"
wild_TH_sex_unknown,TH,overall,3,poly3,499.0106524157276,1.0600424702731175,0.19962361187451783,65924.04425643549,72,,a3=0.1653; a2=-3.471; a1=24.21; a0=215
wild_TH_sex_unknown,TH,overall,4,richards,499.9507753422843,2.000165396829857,0.12475754198117235,66790.476136126,72,,"A=313.1 [-93.05, 719.2]; k=0.1493 [-2.862, 3.16]; t0=-7.502 [-274, 259]; nu=0.01 [-133.4, 133.4]"
wild_TH_sex_unknown,TH,overall,5,von_bertalanffy,512.6613698706683,14.710759925213836,0.00021676855214390205,81930.74444444447,72,,"A=243.4 [235.5, 251.4]; k=0.1969 [0.1969, 0.1969]; t0=-189.6 [-189.6, -189.6]"
wild_alignment_seed_TH_by_sex,TH,F,1,logistic,7592.270446435009,0.0,0.28798275796565487,2064666.667582812,993,,"A=415.2 [410.5, 419.8]; k=0.06114 [0.05269, 0.0696]; t0=-8.207 [-10.32, -6.096]"
wild_alignment_seed_TH_by_sex,TH,F,2,gompertz,7592.762676893925,0.49223045891631045,0.2251541729604918,2065690.3773018788,993,✓,"A=415.9 [411.1, 420.7]; k=0.05429 [0.04654, 0.06204]; t0=-13.4 [-16.06, -10.74]"
wild_alignment_seed_TH_by_sex,TH,F,3,von_bertalanffy,7593.06606482691,0.7956183919013711,0.19346399333881611,2066321.597121736,993,,"A=416.2 [411.3, 421.1]; k=0.05206 [0.04453, 0.05959]; t0=-36.47 [-42.31, -30.63]"
wild_alignment_seed_TH_by_sex,TH,F,4,poly3,7593.159371279955,0.8889248449459046,0.18464557702026088,2062357.7884997027,993,,a3=0.0002165; a2=-0.06081; a1=5.398; a0=262.3
wild_alignment_seed_TH_by_sex,TH,F,5,richards,7594.218079972265,1.9476335372555695,0.10875349871477641,2064557.788993378,993,,"A=414.9 [409.5, 420.2]; k=0.0646 [0.03409, 0.0951]; t0=-5.986 [-22.96, 10.99]; nu=1.493 [-2.348, 5.333]"
wild_alignment_seed_TH_by_sex,TH,M,1,poly3,4547.5122223294575,0.0,0.9697448367154213,1787549.7754982975,563,,a3=0.0001724; a2=-0.05154; a1=5.563; a0=258
wild_alignment_seed_TH_by_sex,TH,M,2,von_bertalanffy,4555.651346084234,8.139123754776847,0.016567966540595763,1820033.563566489,563,,"A=496.7 [482.7, 510.7]; k=0.02763 [0.02272, 0.03254]; t0=-59.32 [-70.05, -48.58]"
wild_alignment_seed_TH_by_sex,TH,M,3,gompertz,4556.878022850557,9.365800521099118,0.00897221627044451,1824003.4159021524,563,✓,"A=494.9 [481.5, 508.3]; k=0.02962 [0.02455, 0.03469]; t0=-15.06 [-18.43, -11.7]"
wild_alignment_seed_TH_by_sex,TH,M,4,richards,4558.914747966074,11.402525636616701,0.0032406378044338353,1824122.4015522597,563,,"A=494.8 [474.7, 514.9]; k=0.02968 [0.01074, 0.04862]; t0=-14.93 [-53.04, 23.17]; nu=0.01 [-2.942, 2.962]"
wild_alignment_seed_TH_by_sex,TH,M,5,logistic,4560.489863808584,12.97764147912676,0.0014743426691045725,1835742.648046376,563,,"A=490.6 [478.7, 502.5]; k=0.03576 [0.03015, 0.04137]; t0=-4.201 [-6.626, -1.776]"
wild_alignment_seed_TH_overall,TH,overall,1,poly3,12889.773523673965,0.0,0.9999999973142919,4447020.3522920925,1628,,a3=0.0002543; a2=-0.06683; a1=5.886; a0=254.7
wild_alignment_seed_TH_overall,TH,overall,2,von_bertalanffy,12929.978892364325,40.20536869036005,1.8600093025446227e-09,4563815.297722524,1628,,"A=440.5 [435.1, 445.9]; k=0.04102 [0.03647, 0.04557]; t0=-43.35 [-48.45, -38.25]"
wild_alignment_seed_TH_overall,TH,overall,3,gompertz,12932.258140291986,42.48461661802139,5.950900890379852e-10,4570209.248311349,1628,✓,"A=439.7 [434.5, 445]; k=0.04333 [0.03863, 0.04804]; t0=-13.78 [-15.78, -11.79]"
wild_alignment_seed_TH_overall,TH,overall,4,richards,12934.32682483603,44.5533011620646,2.1153078262257045e-10,4570402.067328671,1628,,"A=439.7 [432.8, 446.6]; k=0.0434 [0.02734, 0.05946]; t0=-13.71 [-31.36, 3.954]; nu=0.01 [-2.172, 2.192]"
wild_alignment_seed_TH_overall,TH,overall,5,logistic,12939.138510911072,49.364987237107925,1.9077840813180827e-11,4589565.06780654,1628,,"A=437.9 [432.9, 442.8]; k=0.05045 [0.04524, 0.05567]; t0=-6.746 [-8.219, -5.272]"
wild_alignment_seed_avg NI_FBHcm_by_sex,avg NI_FBHcm,F,1,poly3,6595.583876861507,0.0,0.4577719418025396,738337.9053404498,997,,a3=0.000101; a2=-0.02848; a1=2.523; a0=146.7
wild_alignment_seed_avg NI_FBHcm_by_sex,avg NI_FBHcm,F,2,richards,6597.262988013329,1.679111151822326,0.19771281342116606,739582.4348982398,997,,"A=216.7 [214.1, 219.3]; k=0.1177 [0.02389, 0.2116]; t0=11.62 [-6.16, 29.4]; nu=9.883 [-2.188, 21.95]"
wild_alignment_seed_avg NI_FBHcm_by_sex,avg NI_FBHcm,F,3,logistic,6597.629028400192,2.045151538684877,0.16464561020495216,741339.666521752,997,,"A=217.8 [215, 220.7]; k=0.05865 [0.0481, 0.06919]; t0=-11.76 [-14.99, -8.541]"
wild_alignment_seed_avg NI_FBHcm_by_sex,avg NI_FBHcm,F,4,gompertz,6598.645125987178,3.0612491256715657,0.09906206308869091,742095.5917253066,997,✓,"A=218.1 [215.2, 221.1]; k=0.05284 [0.04304, 0.06264]; t0=-16.73 [-20.71, -12.75]"
wild_alignment_seed_avg NI_FBHcm_by_sex,avg NI_FBHcm,F,5,von_bertalanffy,6599.052477759169,3.468600897662327,0.08080757148265122,742398.8572397924,997,,"A=218.2 [215.3, 221.2]; k=0.05094 [0.04138, 0.06051]; t0=-40.15 [-48.37, -31.92]"
wild_alignment_seed_avg NI_FBHcm_by_sex,avg NI_FBHcm,M,1,poly3,3924.152479600009,0.0,0.9677789372048755,578427.8263628066,565,,a3=8.875e-05; a2=-0.02553; a1=2.617; a0=146.5
wild_alignment_seed_avg NI_FBHcm_by_sex,avg NI_FBHcm,M,2,von_bertalanffy,3932.6542111502968,8.501731550287786,0.013792678603432754,589279.6827791486,565,,"A=253.8 [245.9, 261.6]; k=0.02772 [0.02146, 0.03398]; t0=-64.93 [-79.69, -50.18]"
wild_alignment_seed_avg NI_FBHcm_by_sex,avg NI_FBHcm,M,3,gompertz,3933.239487414099,9.087007814090157,0.010293367785243156,589890.42633148,565,✓,"A=253.1 [245.6, 260.6]; k=0.02944 [0.02301, 0.03587]; t0=-21.13 [-26.39, -15.88]"
wild_alignment_seed_avg NI_FBHcm_by_sex,avg NI_FBHcm,M,4,logistic,3934.9478271733215,10.795347573312483,0.004381231739351271,591676.7242108183,565,,"A=251.3 [244.6, 258.1]; k=0.03473 [0.02773, 0.04173]; t0=-10.79 [-14.43, -7.148]"
wild_alignment_seed_avg NI_FBHcm_by_sex,avg NI_FBHcm,M,5,richards,3935.2569578298953,11.104478229886354,0.003753784667097364,589908.6666683906,565,,"A=253 [241.7, 264.4]; k=0.02949 [0.005299, 0.05369]; t0=-21.01 [-74.53, 32.51]; nu=0.01 [-4.443, 4.463]"
wild_alignment_seed_avg NI_FBHcm_overall,avg NI_FBHcm,overall,1,poly3,11097.055041857042,0.0,0.9999998739955679,1447333.8090791742,1634,,a3=0.000124; a2=-0.03229; a1=2.785; a0=143.5
wild_alignment_seed_avg NI_FBHcm_overall,avg NI_FBHcm,overall,2,von_bertalanffy,11130.217340083393,33.162298226350686,6.293589053800813e-08,1478816.7368188794,1634,,"A=228.8 [225.7, 231.8]; k=0.04152 [0.0358, 0.04724]; t0=-46.42 [-53.14, -39.71]"
wild_alignment_seed_avg NI_FBHcm_overall,avg NI_FBHcm,overall,3,gompertz,11131.154739973268,34.099698116226136,3.938624536053418e-08,1479665.3539272023,1634,✓,"A=228.5 [225.5, 231.5]; k=0.04351 [0.03763, 0.04939]; t0=-17.43 [-20.3, -14.56]"
wild_alignment_seed_avg NI_FBHcm_overall,avg NI_FBHcm,overall,4,richards,11133.183075014733,36.12803315769088,1.4285558503188726e-08,1479691.012888451,1634,,"A=228.5 [224.6, 232.3]; k=0.04357 [0.02338, 0.06376]; t0=-17.36 [-40.93, 6.215]; nu=0.01 [-3.167, 3.187]"
wild_alignment_seed_avg NI_FBHcm_overall,avg NI_FBHcm,overall,5,logistic,11134.020848105243,36.96580624820126,9.396737803305555e-09,1482263.0298300425,1634,,"A=227.8 [225, 230.6]; k=0.04962 [0.04321, 0.05603]; t0=-10.87 [-13.04, -8.706]"
wild_alignment_seed_avg TOH_NIcm_by_sex,avg TOH_NIcm,F,1,von_bertalanffy,35037.7289348771,0.0,0.7884052886017996,2641685.124315104,5708,,"A=180.7 [179.6, 181.8]; k=0.04429 [0.04149, 0.04709]; t0=-39.08 [-41.88, -36.28]"
wild_alignment_seed_avg TOH_NIcm_by_sex,avg TOH_NIcm,F,2,gompertz,35040.97241405686,3.2434791797568323,0.1557531984725717,2643186.645959584,5708,✓,"A=180.4 [179.4, 181.5]; k=0.0466 [0.0437, 0.0495]; t0=-11.76 [-12.94, -10.58]"
wild_alignment_seed_avg TOH_NIcm_by_sex,avg TOH_NIcm,F,3,richards,35043.075394452535,5.3464595754339825,0.054422762549175614,2643234.3332164264,5708,,"A=180.4 [179, 181.8]; k=0.04667 [0.03766, 0.05568]; t0=-11.68 [-20.35, -3.021]; nu=0.01 [-1.151, 1.171]"
wild_alignment_seed_avg TOH_NIcm_by_sex,avg TOH_NIcm,F,4,poly3,35051.20145500463,13.472520127528696,0.0009358989380621657,2646999.9916956257,5708,,a3=9.754e-05; a2=-0.02686; a1=2.461; a0=102.9
wild_alignment_seed_avg TOH_NIcm_by_sex,avg TOH_NIcm,F,5,logistic,35052.52505195088,14.796117073776259,0.0004828514383908855,2648541.70908597,5708,,"A=179.8 [178.8, 180.8]; k=0.05363 [0.05041, 0.05686]; t0=-5.324 [-6.247, -4.401]"
wild_alignment_seed_avg TOH_NIcm_by_sex,avg TOH_NIcm,M,1,von_bertalanffy,22423.121620278216,0.0,0.6185221396798548,2214644.386785181,3471,,"A=214.5 [211.7, 217.2]; k=0.03046 [0.02834, 0.03258]; t0=-49.83 [-53.43, -46.22]"
wild_alignment_seed_avg TOH_NIcm_by_sex,avg TOH_NIcm,M,2,poly3,22424.68599737011,1.56437709189413,0.2829144177154964,2214366.4584386107,3471,,a3=6.14e-05; a2=-0.02129; a1=2.562; a0=102.6
wild_alignment_seed_avg TOH_NIcm_by_sex,avg TOH_NIcm,M,3,gompertz,22427.38721414645,4.265593868232827,0.07329820006338413,2217367.688593503,3471,✓,"A=213.6 [211, 216.2]; k=0.03279 [0.0306, 0.03498]; t0=-9.538 [-10.6, -8.471]"
wild_alignment_seed_avg TOH_NIcm_by_sex,avg TOH_NIcm,M,4,richards,22429.52129608961,6.399675811393536,0.025216412728359765,2217453.34538142,3471,,"A=213.5 [209.8, 217.3]; k=0.03286 [0.02543, 0.04029]; t0=-9.419 [-20.92, 2.086]; nu=0.01 [-0.9413, 0.9613]"
wild_alignment_seed_avg TOH_NIcm_by_sex,avg TOH_NIcm,M,5,logistic,22442.01511471708,18.893494438863854,4.882981290490476e-05,2226732.1013909383,3471,,"A=211.5 [209.2, 213.8]; k=0.03991 [0.03748, 0.04235]; t0=0.5354 [-0.3227, 1.394]"
wild_alignment_seed_avg TOH_NIcm_overall,avg TOH_NIcm,overall,1,poly3,60302.99765283961,0.0,0.9999999835731954,5647654.319234995,9428,,a3=0.000103; a2=-0.02865; a1=2.691; a0=100.5
wild_alignment_seed_avg TOH_NIcm_overall,avg TOH_NIcm,overall,2,von_bertalanffy,60338.85351450215,35.85586166254507,1.636811097603496e-08,5670376.701552438,9428,,"A=189.8 [188.8, 190.9]; k=0.04092 [0.03897, 0.04286]; t0=-39.98 [-42.07, -37.89]"
wild_alignment_seed_avg TOH_NIcm_overall,avg TOH_NIcm,overall,3,gompertz,60350.65055557108,47.65290273147548,4.4905924452633854e-11,5677476.355301329,9428,✓,"A=189.4 [188.4, 190.5]; k=0.04343 [0.04141, 0.04545]; t0=-10.2 [-10.97, -9.43]"
wild_alignment_seed_avg TOH_NIcm_overall,avg TOH_NIcm,overall,4,richards,60353.01215240964,50.01449957003206,1.378762312163e-11,5677694.110590957,9428,,"A=189.4 [188, 190.9]; k=0.04351 [0.03702, 0.04999]; t0=-10.12 [-16.73, -3.512]; nu=0.01 [-0.7597, 0.7797]"
wild_alignment_seed_avg TOH_NIcm_overall,avg TOH_NIcm,overall,5,logistic,60388.17891790712,85.18126506751287,3.185101691282591e-19,5700120.713677431,9428,,"A=188.4 [187.5, 189.4]; k=0.05112 [0.04886, 0.05339]; t0=-2.914 [-3.498, -2.329]"
wild_alignment_seed_avg TOO_TOHcm_by_sex,avg TOO_TOHcm,F,1,poly3,29709.76564129463,0.0,0.8415689112776773,1059328.924371731,5681,,a3=5.689e-07; a2=-0.0005133; a1=0.05277; a0=15.55
wild_alignment_seed_avg TOO_TOHcm_by_sex,avg TOO_TOHcm,F,2,von_bertalanffy,29713.828539072667,4.062897778036131,0.11036786485522594,1060460.06877911,5681,,"A=16.6 [16.18, 17.01]; k=0.1279 [-0.2002, 0.4561]; t0=-27.53 [-104.1, 49.03]"
wild_alignment_seed_avg TOO_TOHcm_by_sex,avg TOO_TOHcm,F,3,logistic,29717.21513178727,7.4494904926395975,0.020298006006847898,1061092.425231063,5681,,"A=32.9 [30.53, 35.27]; k=3.841e-10 [-0.00119, 0.00119]; t0=-48.92 [-1.406e+08, 1.406e+08]"
wild_alignment_seed_avg TOO_TOHcm_by_sex,avg TOO_TOHcm,F,4,gompertz,29717.215131804533,7.449490509901807,0.02029800583165368,1061092.4252342875,5681,✓,"A=44.72 [30.14, 59.29]; k=1.576e-10 [-0.0005944, 0.0005944]; t0=605.9 [605.9, 605.9]"
wild_alignment_seed_avg TOO_TOHcm_by_sex,avg TOO_TOHcm,F,5,richards,29719.21513368305,9.449492388419458,0.007467212028595342,1061092.4255851558,5681,,"A=35.34 [-1.789e+07, 1.789e+07]; k=3.058e-09 [-0.003727, 0.003727]; t0=867.1 [-8.457e+04, 8.63e+04]; nu=0.6733 [-2.042e+06, 2.042e+06]"
wild_alignment_seed_avg TOO_TOHcm_by_sex,avg TOO_TOHcm,M,1,richards,18535.902150307476,0.0,0.2958699130961262,744404.5900627391,3447,,"A=22.02 [21.33, 22.71]; k=0.2331 [-0.5516, 1.018]; t0=18.25 [-19.24, 55.74]; nu=17.07 [-49.43, 83.56]"
wild_alignment_seed_avg TOO_TOHcm_by_sex,avg TOO_TOHcm,M,2,logistic,18536.128590287542,0.22643998006606125,0.2641982808082637,744885.5611998755,3447,,"A=22.2 [21.39, 23]; k=0.06617 [0.03617, 0.09617]; t0=-8.215 [-14.78, -1.646]"
wild_alignment_seed_avg TOO_TOHcm_by_sex,avg TOO_TOHcm,M,3,gompertz,18536.710527427247,0.8083771197707392,0.19749856432109383,745011.3265510874,3447,✓,"A=22.24 [21.39, 23.08]; k=0.05797 [0.03077, 0.08517]; t0=-13.27 [-21.72, -4.813]"
wild_alignment_seed_avg TOO_TOHcm_by_sex,avg TOO_TOHcm,M,4,von_bertalanffy,18536.928537398788,1.026387091311335,0.17710208704643005,745058.4472457306,3447,,"A=22.25 [21.39, 23.12]; k=0.05536 [0.02902, 0.0817]; t0=-35.04 [-53.44, -16.64]"
wild_alignment_seed_avg TOO_TOHcm_by_sex,avg TOO_TOHcm,M,5,poly3,18538.92305200934,3.0209017018642044,0.0653311547280863,745057.2615966174,3447,,a3=9.458e-06; a2=-0.002932; a1=0.273; a0=14.48
wild_alignment_seed_avg TOO_TOHcm_overall,avg TOO_TOHcm,overall,1,poly3,49893.065409537776,0.0,0.6758628406209268,1917273.408271083,9376,,a3=9.629e-06; a2=-0.00245; a1=0.176; a0=14.98
wild_alignment_seed_avg TOO_TOHcm_overall,avg TOO_TOHcm,overall,2,richards,49896.25351554751,3.188106009736657,0.1372682653072706,1917925.446474982,9376,,"A=18.36 [18.01, 18.72]; k=0.8575 [-14.54, 16.26]; t0=18.3 [-62.86, 99.47]; nu=100 [-1728, 1928]"
wild_alignment_seed_avg TOO_TOHcm_overall,avg TOO_TOHcm,overall,3,logistic,49897.69137315115,4.625963613376371,0.06688724894766564,1918628.812893742,9376,,"A=18.36 [17.99, 18.74]; k=0.09377 [0.03234, 0.1552]; t0=-14.79 [-26.71, -2.859]"
wild_alignment_seed_avg TOO_TOHcm_overall,avg TOO_TOHcm,overall,4,gompertz,49897.87731778293,4.8119082451521535,0.06094891378700925,1918666.863476697,9376,✓,"A=18.36 [17.98, 18.74]; k=0.08954 [0.03007, 0.149]; t0=-16.68 [-29.79, -3.567]"
wild_alignment_seed_avg TOO_TOHcm_overall,avg TOO_TOHcm,overall,5,von_bertalanffy,49897.9412057347,4.875796196924057,0.059032731337127706,1918679.93729428,9376,,"A=18.36 [17.98, 18.75]; k=0.08805 [0.02928, 0.1468]; t0=-29.84 [-51.59, -8.083]"
wild_avg NI_FBHcm_by_sex,avg NI_FBHcm,F,1,von_bertalanffy,6545.385039165304,0.0,0.28493169815698555,703492.8526649091,997,,"A=220.2 [216.9, 223.4]; k=0.04476 [0.03673, 0.05279]; t0=-44.66 [-53.34, -35.99]"
wild_avg NI_FBHcm_by_sex,avg NI_FBHcm,F,2,gompertz,6545.395987969793,0.010948804489089525,0.283376129219008,703500.5782897801,997,✓,"A=220 [216.8, 223.2]; k=0.04655 [0.03832, 0.05478]; t0=-17.95 [-22.01, -13.9]"
wild_avg NI_FBHcm_by_sex,avg NI_FBHcm,F,3,logistic,6545.629954772214,0.24491560690967162,0.2520913930264835,703665.6887162866,997,,"A=219.5 [216.5, 222.5]; k=0.05203 [0.04318, 0.06089]; t0=-12.22 [-15.45, -8.99]"
wild_avg NI_FBHcm_by_sex,avg NI_FBHcm,F,4,richards,6547.396880919133,2.011841753828776,0.10420171824335346,703501.2083706807,997,,"A=220 [215.9, 224.1]; k=0.04661 [0.01973, 0.07348]; t0=-17.89 [-47.03, 11.24]; nu=0.01 [-4.503, 4.523]"
wild_avg NI_FBHcm_by_sex,avg NI_FBHcm,F,5,poly3,6548.043948505113,2.6589093398088153,0.07539906135416949,703957.9391434891,997,,a3=8.467e-05; a2=-0.02489; a1=2.37; a0=145
wild_avg NI_FBHcm_by_sex,avg NI_FBHcm,M,1,poly3,3869.573110503298,0.0,0.9963866478970024,525165.3291173158,565,,a3=9.628e-05; a2=-0.02735; a1=2.755; a0=142.9
wild_avg NI_FBHcm_by_sex,avg NI_FBHcm,M,2,von_bertalanffy,3882.376141010164,12.80303050686598,0.0016530467982199958,539106.5216174854,565,,"A=253.8 [246.5, 261.1]; k=0.02814 [0.02231, 0.03397]; t0=-62.65 [-75.8, -49.5]"
wild_avg NI_FBHcm_by_sex,avg NI_FBHcm,M,3,gompertz,3883.098377486841,13.525266983543133,0.001152002682905989,539796.0992470989,565,✓,"A=253 [246, 260]; k=0.02997 [0.02397, 0.03597]; t0=-19.41 [-24.01, -14.81]"
wild_avg NI_FBHcm_by_sex,avg NI_FBHcm,M,4,richards,3885.120120376816,15.547009873518164,0.0004192157589339631,539816.8726152949,565,,"A=253 [242.4, 263.6]; k=0.03002 [0.007414, 0.05263]; t0=-19.29 [-66.98, 28.39]; nu=0.01 [-3.959, 3.979]"
wild_avg NI_FBHcm_by_sex,avg NI_FBHcm,M,5,logistic,3885.2692865937074,15.696176090409608,0.0003890868629376325,541874.1566986945,565,,"A=251.2 [244.9, 257.4]; k=0.03559 [0.02901, 0.04216]; t0=-9.096 [-12.31, -5.881]"
wild_avg NI_FBHcm_by_vtb_umb,avg NI_FBHcm,Umb=0,1,gompertz,10779.007021075748,0.0,1.0,1363083.781416193,1596,✓,"A=231.3 [228.1, 234.6]; k=0.03785 [0.03284, 0.04286]; t0=-19.26 [-22.31, -16.22]"
wild_avg NI_FBHcm_by_vtb_umb,avg NI_FBHcm,Umb>0,1,gompertz,219.88113383452549,0.0,1.0,10572.769398788389,38,✓,"A=210.8 [166.3, 255.2]; k=0.05861 [0.003335, 0.1139]; t0=-11.28 [-18.03, -4.531]"
wild_avg NI_FBHcm_overall,avg NI_FBHcm,overall,1,poly3,10981.184603681832,0.0,0.9999999085325942,1348254.7396352317,1634,,a3=0.0001132; a2=-0.02996; a1=2.698; a0=141.5
wild_avg NI_FBHcm_overall,avg NI_FBHcm,overall,2,von_bertalanffy,11014.59024502376,33.40564134192937,5.572590248718987e-08,1377787.6351362534,1634,,"A=231.5 [228.2, 234.8]; k=0.03663 [0.03184, 0.04142]; t0=-51.49 [-58.47, -44.51]"
wild_avg NI_FBHcm_overall,avg NI_FBHcm,overall,3,gompertz,11016.212294580668,35.02769089883623,2.4764725853479714e-08,1379156.0252450404,1634,✓,"A=231.1 [227.9, 234.3]; k=0.03852 [0.0336, 0.04345]; t0=-18.54 [-21.38, -15.7]"
wild_avg NI_FBHcm_overall,avg NI_FBHcm,overall,4,richards,11018.261272918744,37.076669236912494,8.890036249021708e-09,1379197.365381176,1634,,"A=231.1 [226.8, 235.5]; k=0.03858 [0.02138, 0.05578]; t0=-18.45 [-43.19, 6.28]; nu=0.01 [-2.869, 2.889]"
wild_avg NI_FBHcm_overall,avg NI_FBHcm,overall,5,logistic,11021.159928204015,39.975324522183655,2.0867409281630353e-09,1383338.3384505308,1634,,"A=230.2 [227.2, 233.1]; k=0.04432 [0.03897, 0.04968]; t0=-11 [-13.1, -8.905]"
wild_avg NI_FBHcm_sex_unknown,avg NI_FBHcm,overall,1,von_bertalanffy,410.98321270448025,0.0,0.2654654508583495,19958.950376475805,72,,"A=183.3 [69.81, 296.7]; k=0.1133 [-0.233, 0.4596]; t0=-19.22 [-65.57, 27.12]"
wild_avg NI_FBHcm_sex_unknown,avg NI_FBHcm,overall,2,gompertz,410.9870595405612,0.0038468360809247315,0.2649553405559925,19960.016777330835,72,✓,"A=182.4 [75.7, 289.1]; k=0.1205 [-0.2245, 0.4655]; t0=-8.586 [-21.78, 4.608]"
wild_avg NI_FBHcm_sex_unknown,avg NI_FBHcm,overall,3,logistic,410.9990611521072,0.01584844762692228,0.26337015596803887,19963.344170862794,72,,"A=180.1 [89.4, 270.9]; k=0.1423 [-0.1993, 0.4839]; t0=-6.314 [-12.5, -0.1285]"
wild_avg NI_FBHcm_sex_unknown,avg NI_FBHcm,overall,4,poly3,412.7682054168994,1.7849927124191254,0.10874311388988527,19899.437615912226,72,,a3=0.04477; a2=-1.006; a1=9.075; a0=124.8
wild_avg NI_FBHcm_sex_unknown,avg NI_FBHcm,overall,5,richards,412.9871761705499,2.0039634660696493,0.09746593872773385,19960.04910980883,72,,"A=182.4 [-227.8, 592.5]; k=0.1207 [-3.191, 3.432]; t0=-8.559 [-405.6, 388.5]; nu=0.01 [-148.3, 148.4]"
wild_avg TOH_NIcm_by_sex,avg TOH_NIcm,F,1,von_bertalanffy,34313.89386289791,0.0,0.5416536184340937,2327061.676985562,5708,,"A=184.7 [183.5, 186]; k=0.03688 [0.03477, 0.03899]; t0=-45.82 [-48.72, -42.91]"
wild_avg TOH_NIcm_by_sex,avg TOH_NIcm,F,2,poly3,34314.824799039525,0.9309361416162574,0.3400724373517794,2326625.877304592,5708,,a3=7.89e-05; a2=-0.02312; a1=2.321; a0=101.3
wild_avg TOH_NIcm_by_sex,avg TOH_NIcm,F,3,gompertz,34317.53462887151,3.6407659735996276,0.08772822908436637,2328546.433381848,5708,✓,"A=184.3 [183.1, 185.6]; k=0.039 [0.03682, 0.04118]; t0=-12.9 [-14.04, -11.75]"
wild_avg TOH_NIcm_by_sex,avg TOH_NIcm,F,4,richards,34319.65152653389,5.757663635980862,0.030441137435499786,2328594.1216127714,5708,,"A=184.3 [182.6, 186.1]; k=0.03906 [0.0319, 0.04623]; t0=-12.81 [-22.17, -3.45]; nu=0.01 [-1.013, 1.033]"
wild_avg TOH_NIcm_by_sex,avg TOH_NIcm,F,5,logistic,34330.99876632758,17.10490342967387,0.00010457769426085238,2334045.5355247045,5708,,"A=183.4 [182.3, 184.5]; k=0.04546 [0.04307, 0.04786]; t0=-5.049 [-5.93, -4.169]"
wild_avg TOH_NIcm_by_sex,avg TOH_NIcm,M,1,von_bertalanffy,22130.107779235663,0.0,0.6044326203715491,2035362.919124144,3471,,"A=217.6 [214.8, 220.5]; k=0.02824 [0.02637, 0.0301]; t0=-52.86 [-56.46, -49.26]"
wild_avg TOH_NIcm_by_sex,avg TOH_NIcm,M,2,poly3,22131.520636396275,1.4128571606124751,0.2982289917572698,2035018.6530066044,3471,,a3=5.174e-05; a2=-0.01911; a1=2.465; a0=101.8
wild_avg TOH_NIcm_by_sex,avg TOH_NIcm,M,3,gompertz,22134.351815782626,4.244036546962889,0.07240475159155052,2037853.1057446452,3471,✓,"A=216.6 [213.9, 219.3]; k=0.03052 [0.02859, 0.03244]; t0=-9.336 [-10.35, -8.321]"
wild_avg TOH_NIcm_by_sex,avg TOH_NIcm,M,4,richards,22136.486914439072,6.3791352034095326,0.024896384664504598,2037932.424838432,3471,,"A=216.6 [212.6, 220.6]; k=0.03058 [0.0238, 0.03737]; t0=-9.206 [-20.99, 2.577]; nu=0.01 [-0.8864, 0.9064]"
wild_avg TOH_NIcm_by_sex,avg TOH_NIcm,M,5,logistic,22149.496479588564,19.38870035290165,3.725161512583612e-05,2046764.0904859984,3471,,"A=214.2 [211.8, 216.5]; k=0.03748 [0.03535, 0.03961]; t0=1.564 [0.7067, 2.422]"
wild_avg TOH_NIcm_by_vtb_umb,avg TOH_NIcm,Umb=0,1,gompertz,58826.06110905416,0.0,1.0,5088788.159769925,9335,✓,"A=193.8 [192.6, 195]; k=0.03661 [0.035, 0.03822]; t0=-11.45 [-12.24, -10.66]"
wild_avg TOH_NIcm_by_vtb_umb,avg TOH_NIcm,Umb>0,1,gompertz,539.9695940335022,0.0,1.0,28975.561046616807,93,✓,"A=161.6 [145.1, 178.2]; k=0.08446 [0.04833, 0.1206]; t0=-3.337 [-5.148, -1.526]"
wild_avg TOH_NIcm_overall,avg TOH_NIcm,overall,1,poly3,59357.93571196049,0.0,0.9999999983309225,5108983.071391395,9428,,a3=8.583e-05; a2=-0.02501; a1=2.538; a0=99.54
wild_avg TOH_NIcm_overall,avg TOH_NIcm,overall,2,von_bertalanffy,59398.3602032641,40.4244913036091,1.6669909643912653e-09,5132024.480104533,9428,,"A=194.2 [193, 195.4]; k=0.03479 [0.03324, 0.03634]; t0=-46.13 [-48.33, -43.92]"
wild_avg TOH_NIcm_overall,avg TOH_NIcm,overall,3,gompertz,59412.2473431074,54.31163114691299,1.6083447439843655e-12,5139589.356641283,9428,✓,"A=193.6 [192.4, 194.8]; k=0.03711 [0.0355, 0.03871]; t0=-11.03 [-11.79, -10.27]"
wild_avg TOH_NIcm_overall,avg TOH_NIcm,overall,4,richards,59414.67308437307,56.737372412579134,4.782292341814435e-13,5139821.450901299,9428,,"A=193.6 [191.9, 195.3]; k=0.03718 [0.03179, 0.04257]; t0=-10.93 [-18.13, -3.735]; nu=0.01 [-0.6943, 0.7143]"
wild_avg TOH_NIcm_overall,avg TOH_NIcm,overall,5,logistic,59456.51990742218,98.5841954616917,3.9148394253058655e-22,5163780.902261704,9428,,"A=192.2 [191.2, 193.3]; k=0.04419 [0.04241, 0.04597]; t0=-2.403 [-2.981, -1.826]"
wild_avg TOH_NIcm_sex_unknown,avg TOH_NIcm,overall,1,von_bertalanffy,1463.8312512491614,0.0,0.29099144571221275,86872.50624703843,249,,"A=164.7 [130.1, 199.3]; k=0.07492 [0.02465, 0.1252]; t0=-21.75 [-33.4, -10.1]"
wild_avg TOH_NIcm_sex_unknown,avg TOH_NIcm,overall,2,gompertz,1463.9674888636305,0.13623761446910976,0.2718295086472828,86920.05058994064,249,✓,"A=163.5 [131.3, 195.7]; k=0.08189 [0.03166, 0.1321]; t0=-5.35 [-7.27, -3.43]"
wild_avg TOH_NIcm_sex_unknown,avg TOH_NIcm,overall,3,logistic,1464.3686090354558,0.5373577862944785,0.22243056320427765,87060.18506168149,249,,"A=160.8 [133.7, 187.9]; k=0.1033 [0.05285, 0.1538]; t0=-1.4 [-4.224, 1.425]"
wild_avg TOH_NIcm_sex_unknown,avg TOH_NIcm,overall,4,poly3,1465.688818929667,1.8575676805055537,0.11495146896687193,86822.82787625538,249,,a3=0.002078; a2=-0.1547; a1=5.105; a0=85.19
wild_avg TOH_NIcm_sex_unknown,avg TOH_NIcm,overall,5,richards,1465.9715624748585,2.1403112256971326,0.09979701346935486,86921.47260355667,249,,"A=163.5 [95.2, 231.7]; k=0.0821 [-0.2395, 0.4037]; t0=-5.302 [-71.71, 61.11]; nu=0.01 [-13.71, 13.73]"
wild_avg TOO_TOHcm_by_sex,avg TOO_TOHcm,F,1,von_bertalanffy,29710.729297428275,0.0,0.49130974803870014,1059881.6977757416,5681,,"A=16.66 [16.24, 17.08]; k=0.1158 [-0.09914, 0.3307]; t0=-27.64 [-83.79, 28.52]"
wild_avg TOO_TOHcm_by_sex,avg TOO_TOHcm,F,2,poly3,29710.89864313101,0.1693457027358818,0.45142169685599265,1059540.2148679332,5681,,a3=3.117e-06; a2=-0.0009608; a1=0.07623; a0=15.18
wild_avg TOO_TOHcm_by_sex,avg TOO_TOHcm,F,3,logistic,29716.72403811829,5.994740690013714,0.024525280318324655,1061000.7031311078,5681,,"A=18.27 [-172.8, 209.3]; k=0.001835 [-0.1717, 0.1754]; t0=-1141 [-5.737e+04, 5.508e+04]"
wild_avg TOO_TOHcm_by_sex,avg TOO_TOHcm,F,4,gompertz,29716.75716498084,6.027867552566022,0.024122403247226396,1061006.890021962,5681,✓,"A=19.46 [-491, 530]; k=0.001096 [-0.17, 0.1722]; t0=-1568 [-1.132e+05, 1.1e+05]"
wild_avg TOO_TOHcm_by_sex,avg TOO_TOHcm,F,5,richards,29718.815074616334,8.085777188058273,0.008620871539756325,1061017.7055184264,5681,,"A=40.18 [-6.825e+04, 6.833e+04]; k=0.0002994 [-1.282, 1.282]; t0=912.9 [-710, 2536]; nu=0.7814 [-7511, 7512]"
wild_avg TOO_TOHcm_by_sex,avg TOO_TOHcm,M,1,richards,18532.17216558301,0.0,0.500004984160454,743599.5085402345,3447,,"A=22.07 [21.39, 22.76]; k=0.2993 [-1.104, 1.703]; t0=23.58 [-19.78, 66.95]; nu=24.8 [-100.6, 150.2]"
wild_avg TOO_TOHcm_by_sex,avg TOO_TOHcm,M,2,poly3,18534.234893218912,2.0627276359009556,0.1782619769215579,744044.6208939621,3447,,a3=9.752e-06; a2=-0.003086; a1=0.2865; a0=14.27
wild_avg TOO_TOHcm_by_sex,avg TOO_TOHcm,M,3,logistic,18534.61160907337,2.4394434903588262,0.1476576356697304,744557.8185845235,3447,,"A=22.22 [21.4, 23.04]; k=0.06399 [0.03514, 0.09284]; t0=-8.255 [-14.88, -1.627]"
wild_avg TOO_TOHcm_by_sex,avg TOO_TOHcm,M,4,gompertz,18535.510533278783,3.3383676957710122,0.09420132231593165,744752.0130506436,3447,✓,"A=22.25 [21.4, 23.11]; k=0.05637 [0.03001, 0.08273]; t0=-13.44 [-21.99, -4.893]"
wild_avg TOO_TOHcm_by_sex,avg TOO_TOHcm,M,5,von_bertalanffy,18535.840498903784,3.6683333207729447,0.07987408093232604,744823.3081843073,3447,,"A=22.27 [21.39, 23.14]; k=0.05389 [0.02831, 0.07948]; t0=-35.81 [-54.56, -17.06]"
wild_avg TOO_TOHcm_by_vtb_umb,avg TOO_TOHcm,Umb=0,1,gompertz,49308.47992466705,0.0,1.0,1880391.1060402167,9283,✓,"A=18.43 [18.04, 18.83]; k=0.0789 [0.02827, 0.1295]; t0=-18.41 [-32.39, -4.434]"
wild_avg TOO_TOHcm_by_vtb_umb,avg TOO_TOHcm,Umb>0,1,gompertz,559.1270479929634,0.0,1.0,35603.60442984573,93,✓,"A=18.79 [13.16, 24.43]; k=1.061 [-5.486, 7.609]; t0=0.4742 [-2.959, 3.908]"
wild_avg TOO_TOHcm_overall,avg TOO_TOHcm,overall,1,poly3,49887.36848347373,0.0,0.40042467345777844,1916108.812792373,9376,,a3=9.244e-06; a2=-0.002382; a1=0.1759; a0=14.82
wild_avg TOO_TOHcm_overall,avg TOO_TOHcm,overall,2,richards,49887.63040042612,0.26191695238958346,0.35127422680162723,1916162.3397111509,9376,,"A=18.4 [18.05, 18.75]; k=0.9166 [-15.26, 17.09]; t0=18.96 [-55.37, 93.28]; nu=99.87 [-1690, 1890]"
wild_avg TOO_TOHcm_overall,avg TOO_TOHcm,overall,3,logistic,49890.3088328834,2.9403494096695795,0.09205175403416105,1917118.70415662,9376,,"A=18.42 [18.04, 18.81]; k=0.08626 [0.03266, 0.1399]; t0=-15.31 [-27.11, -3.511]"
wild_avg TOO_TOHcm_overall,avg TOO_TOHcm,overall,4,gompertz,49890.58898594618,3.220502472453518,0.08001982618947355,1917175.9881477451,9376,✓,"A=18.43 [18.03, 18.82]; k=0.08135 [0.02998, 0.1327]; t0=-17.66 [-30.88, -4.439]"
wild_avg TOO_TOHcm_overall,avg TOO_TOHcm,overall,5,von_bertalanffy,49890.68603724304,3.3175537693095976,0.07622951951695969,1917195.8330047124,9376,,"A=18.43 [18.03, 18.82]; k=0.07972 [0.02908, 0.1304]; t0=-32.28 [-54.64, -9.918]"
wild_avg TOO_TOHcm_sex_unknown,avg TOO_TOHcm,overall,1,logistic,1409.548936164715,0.0,0.25884326755747067,71175.23849444017,248,,"A=19.16 [13.75, 24.57]; k=0.8522 [-4.157, 5.862]; t0=-0.4336 [-8.328, 7.461]"
wild_avg TOO_TOHcm_sex_unknown,avg TOO_TOHcm,overall,2,gompertz,1409.5684288262623,0.019492661547246826,0.25633274949606255,71180.83304831179,248,✓,"A=19.13 [13.7, 24.57]; k=0.8121 [-4.149, 5.773]; t0=-0.675 [-10.34, 8.994]"
wild_avg TOO_TOHcm_sex_unknown,avg TOO_TOHcm,overall,3,von_bertalanffy,1409.5749340948298,0.02599793011472684,0.2555003472908571,71182.7002116545,248,,"A=19.12 [13.68, 24.57]; k=0.7999 [-4.152, 5.752]; t0=-2.13 [-20.9, 16.64]"
wild_avg TOO_TOHcm_sex_unknown,avg TOO_TOHcm,overall,4,poly3,1411.1562351226514,1.6072989579363366,0.11588209537160249,71062.62368591613,248,,a3=0.004165; a2=-0.198; a1=2.218; a0=12.9
wild_avg TOO_TOHcm_sex_unknown,avg TOO_TOHcm,overall,5,richards,1411.1988063513277,1.6498701866125884,0.11344154028400717,71074.82321361886,248,,"A=19.57 [14.1, 25.05]; k=7.008 [-906.2, 920.3]; t0=4.232 [-67.17, 75.63]; nu=97.15 [-1.271e+04, 1.29e+04]"
zoo_height_cm_by_sex,height_cm,F,1,von_bertalanffy,126.20466386196276,0.0,0.32658514878060774,6428.8699172910565,21,,"A=452.9 [417.9, 487.9]; k=0.045 [0.03461, 0.0554]; t0=-29.59 [-36.15, -23.04]"
zoo_height_cm_by_sex,height_cm,F,2,gompertz,126.59601773426716,0.391353872304407,0.2685437307203244,6549.801015658128,21,✓,"A=451.1 [416.3, 485.9]; k=0.04975 [0.03864, 0.06085]; t0=-1.866 [-3.958, 0.2248]"
zoo_height_cm_by_sex,height_cm,F,3,poly3,127.39129401167342,1.1866301497106662,0.18043590765103976,6184.6280931440815,21,,a3=0.0005244; a2=-0.1344; a1=9.721; a0=178.9
zoo_height_cm_by_sex,height_cm,F,4,logistic,128.10508205575076,1.9004181937879991,0.12627746769746184,7037.794752267416,21,,"A=445.2 [410.4, 480.1]; k=0.06565 [0.0519, 0.07939]; t0=5.422 [2.523, 8.322]"
zoo_height_cm_by_sex,height_cm,F,5,richards,128.60889361862448,2.404229756661721,0.09815774515056638,6553.818174707458,21,,"A=451 [412.4, 489.7]; k=0.04989 [0.005203, 0.09458]; t0=-1.775 [-28.97, 25.42]; nu=0.01 [-2.946, 2.966]"
zoo_height_cm_by_sex,height_cm,M,1,poly3,308.6499817184504,0.0,0.9996934142311689,12017.285663919834,56,✓,a3=0.0007574; a2=-0.1571; a1=10.43; a0=203.3
zoo_height_cm_by_sex,height_cm,M,2,von_bertalanffy,325.23022450221464,16.58024278376422,0.0002509070453543395,16745.610010708435,56,,"A=489.7 [460, 519.4]; k=0.04125 [0.03137, 0.05113]; t0=-33.7 [-41.13, -26.27]"
zoo_height_cm_by_sex,height_cm,M,3,gompertz,328.8579809291847,20.207999210734272,4.09030372147618e-05,17866.32220718451,56,,"A=486.5 [456.9, 516.1]; k=0.04515 [0.03438, 0.05591]; t0=-3.673 [-5.008, -2.338]"
zoo_height_cm_by_sex,height_cm,M,4,richards,330.96111604904405,22.31113433059363,1.4291097056111853e-05,17899.25690580981,56,,"A=486.5 [449.5, 523.4]; k=0.04526 [0.01267, 0.07785]; t0=-3.579 [-25.95, 18.79]; nu=0.01 [-2.31, 2.33]"
zoo_height_cm_by_sex,height_cm,M,5,logistic,337.7292970589718,29.07931534052136,4.845892059108186e-07,20933.14649220603,56,,"A=479.7 [450, 509.4]; k=0.05699 [0.04357, 0.07042]; t0=4.172 [1.687, 6.657]"
zoo_height_cm_overall,height_cm,overall,1,von_bertalanffy,472.1039088873944,0.0,0.6333343291747591,32764.567124726364,77,,"A=481.2 [454.3, 508.1]; k=0.03849 [0.03122, 0.04576]; t0=-36.1 [-42.31, -29.88]"
zoo_height_cm_overall,height_cm,overall,2,gompertz,474.5533067247996,2.449397837405172,0.18610285973052393,33823.57425074308,77,✓,"A=479.4 [452.7, 506]; k=0.04203 [0.03435, 0.04972]; t0=-3.841 [-5.266, -2.415]"
zoo_height_cm_overall,height_cm,overall,3,poly3,475.6480245938928,3.54411570649836,0.107655960940038,33428.2420023542,77,,a3=0.0001117; a2=-0.05073; a1=6.923; a0=206.2
zoo_height_cm_overall,height_cm,overall,4,richards,476.6249279772198,4.521019089825359,0.06605507765584853,33855.04975375479,77,,"A=479.3 [448.2, 510.4]; k=0.04214 [0.01482, 0.06947]; t0=-3.737 [-26.3, 18.83]; nu=0.01 [-2.142, 2.162]"
zoo_height_cm_overall,height_cm,overall,5,logistic,481.1568910296169,9.052982142222447,0.006851772498830453,36852.33042739245,77,,"A=474.4 [448.2, 500.5]; k=0.05359 [0.04453, 0.06264]; t0=4.727 [2.394, 7.061]"
